model,true_nominal_sigma,mean_effective_sigma,supplied_sigma,rmse,binary_accuracy,binary_balanced_accuracy
awgn50_conditional,50.0,44.79533004760742,0,0.5742587151432023,0.587637939453125,0.5
awgn50_conditional,50.0,44.79533004760742,25,0.5167049420002373,0.6012468465169271,0.5166142560434195
awgn50_conditional,50.0,44.79533004760742,50,0.25257348513565914,0.8202254231770834,0.8354923114759581
awgn50_conditional,50.0,44.79533004760742,75,0.42502401595984823,0.64049560546875,0.6926735701347578
awgn50_conditional,50.0,44.79533004760742,100,0.5129577510527109,0.5420399983723958,0.609707159710515
awgn50_conditional,50.0,44.79533004760742,125,0.5635504417900518,0.49442667643229166,0.5693847170457351
awgn50_conditional,50.0,44.79533004760742,150,0.5932633564889634,0.4710090128580729,0.5495162361763914
awgn50_conditional,50.0,44.79533004760742,oracle_effective,0.22483855925584573,0.8452953084309895,0.8440041162391152
awgn50_conditional,100.0,76.86820220947266,0,0.5802501925271316,0.587637939453125,0.5
awgn50_conditional,100.0,76.86820220947266,25,0.5761823946916438,0.587637939453125,0.5
awgn50_conditional,100.0,76.86820220947266,50,0.5570637463783441,0.5891008504231771,0.5017947522186581
awgn50_conditional,100.0,76.86820220947266,75,0.35678933301768523,0.7195786539713541,0.6870377195252244
awgn50_conditional,100.0,76.86820220947266,100,0.42208682892039795,0.6330950927734375,0.6832728958005447
awgn50_conditional,100.0,76.86820220947266,125,0.5442775085067465,0.5012896728515625,0.5748000762982014
awgn50_conditional,100.0,76.86820220947266,150,0.5973479999139142,0.4571033732096354,0.5377511647061124
awgn50_conditional,100.0,76.86820220947266,oracle_effective,0.31584068597900467,0.7511876424153646,0.7301570870997438
awgn100_conditional,50.0,44.79533004760742,0,0.5127586304601534,0.5880861409505208,0.5005547508723258
awgn100_conditional,50.0,44.79533004760742,25,0.4350056578338599,0.6419847615559896,0.567375975563792
awgn100_conditional,50.0,44.79533004760742,50,0.2462864137317423,0.8254069010416667,0.8358737660098032
awgn100_conditional,50.0,44.79533004760742,75,0.3511465206996341,0.7223545328776042,0.7588680578068352
awgn100_conditional,50.0,44.79533004760742,100,0.40927492877939176,0.655091552734375,0.7034942385396467
awgn100_conditional,50.0,44.79533004760742,125,0.4556075348737787,0.6026454671223959,0.6599428467429527
awgn100_conditional,50.0,44.79533004760742,150,0.4922231499151841,0.5645290120442709,0.6279855559035543
awgn100_conditional,50.0,44.79533004760742,oracle_effective,0.2259287695490028,0.8431456502278646,0.8437154192599451
awgn100_conditional,100.0,76.86820220947266,0,0.5645467867216976,0.587637939453125,0.5
awgn100_conditional,100.0,76.86820220947266,25,0.5489550225947101,0.5876420084635416,0.5000049705739138
awgn100_conditional,100.0,76.86820220947266,50,0.47867587064874706,0.6085733032226562,0.5259447447042345
awgn100_conditional,100.0,76.86820220947266,75,0.2756153214449563,0.7927603149414062,0.7927570478034244
awgn100_conditional,100.0,76.86820220947266,100,0.36440358387142496,0.6929167683919271,0.7313516405419282
awgn100_conditional,100.0,76.86820220947266,125,0.445147598486848,0.5978504435221355,0.6551996793487342
awgn100_conditional,100.0,76.86820220947266,150,0.49882544638974186,0.5427826944986979,0.6095180457043985
awgn100_conditional,100.0,76.86820220947266,oracle_effective,0.2817368042027218,0.7851627604166667,0.791791081569613
diverse_conditional_oracle,50.0,44.79533004760742,0,0.500258373936701,0.5901077270507813,0.5030052053589493
diverse_conditional_oracle,50.0,44.79533004760742,25,0.30834973318166903,0.7443601481119791,0.6995840230714386
diverse_conditional_oracle,50.0,44.79533004760742,50,0.27853926886393054,0.802720438639323,0.8138078719068434
diverse_conditional_oracle,50.0,44.79533004760742,75,0.34022126654236623,0.7322902425130209,0.763627889537857
diverse_conditional_oracle,50.0,44.79533004760742,100,0.3638546071174842,0.7016649373372396,0.7385973587962713
diverse_conditional_oracle,50.0,44.79533004760742,125,0.37165318749946863,0.6905094401041667,0.7288515106843854
diverse_conditional_oracle,50.0,44.79533004760742,150,0.35832498856141226,0.7063817342122396,0.7383247241192588
diverse_conditional_oracle,50.0,44.79533004760742,oracle_effective,0.2654378990398665,0.8154844156901042,0.8176994768223986
diverse_conditional_oracle,100.0,76.86820220947266,0,0.5608326619241594,0.587637939453125,0.5
diverse_conditional_oracle,100.0,76.86820220947266,25,0.46725068572539574,0.6351124064127605,0.5593473903404573
diverse_conditional_oracle,100.0,76.86820220947266,50,0.38483199044652117,0.6406336466471354,0.5738924131465453
diverse_conditional_oracle,100.0,76.86820220947266,75,0.29319257834878054,0.7741944376627604,0.7750430187324686
diverse_conditional_oracle,100.0,76.86820220947266,100,0.32201759133478275,0.7365591430664062,0.7566857500402582
diverse_conditional_oracle,100.0,76.86820220947266,125,0.33100024586398596,0.7284068806966146,0.7478928114968046
diverse_conditional_oracle,100.0,76.86820220947266,150,0.3359842443527247,0.7342725626627604,0.7403480290303122
diverse_conditional_oracle,100.0,76.86820220947266,oracle_effective,0.2942179181317611,0.7731735229492187,0.7772936550875535
diverse_conditional_robust,50.0,44.79533004760742,0,0.38183491750523724,0.6674783325195313,0.5984924216918439
diverse_conditional_robust,50.0,44.79533004760742,25,0.2789247276676617,0.794384765625,0.778072281166182
diverse_conditional_robust,50.0,44.79533004760742,50,0.28113072212658335,0.7911342366536458,0.7922476119757643
diverse_conditional_robust,50.0,44.79533004760742,75,0.29032220047802937,0.7794940185546875,0.7866625043885166
diverse_conditional_robust,50.0,44.79533004760742,100,0.2987344363419999,0.7691569010416667,0.778509711099571
diverse_conditional_robust,50.0,44.79533004760742,125,0.3116564102941442,0.7531545003255208,0.765108073015641
diverse_conditional_robust,50.0,44.79533004760742,150,0.3292596160025109,0.731962890625,0.7478128457092308
diverse_conditional_robust,50.0,44.79533004760742,oracle_effective,0.27803387223058434,0.7948930867513021,0.793853270376476
diverse_conditional_robust,100.0,76.86820220947266,0,0.47474179987204945,0.5880166625976563,0.5004592119168638
diverse_conditional_robust,100.0,76.86820220947266,25,0.3474576943214063,0.6828227742513021,0.6252769486776536
diverse_conditional_robust,100.0,76.86820220947266,50,0.32220766449854643,0.7381557210286458,0.7180627753023281
diverse_conditional_robust,100.0,76.86820220947266,75,0.3192419429805124,0.7440481567382813,0.7379810400187424
diverse_conditional_robust,100.0,76.86820220947266,100,0.32157941197973594,0.7381309000651042,0.7393862038872365
diverse_conditional_robust,100.0,76.86820220947266,125,0.33135733258320904,0.721683858235677,0.7301914759424548
diverse_conditional_robust,100.0,76.86820220947266,150,0.34749473606908754,0.6977471923828125,0.7146296146648097
diverse_conditional_robust,100.0,76.86820220947266,oracle_effective,0.3187887950351092,0.7446251424153646,0.7396115903906473
